,player,url,year
0,Kenny Anderson,https://www.basketball-reference.com/players/a/anderke01.html,1997
1,Nick Anderson,https://www.basketball-reference.com/players/a/anderni01.html,1997
2,Shandon Anderson,https://www.basketball-reference.com/players/a/andersh01.html,1997
3,Willie Anderson,https://www.basketball-reference.com/players/a/anderwi01.html,1997
4,Darrell Armstrong,https://www.basketball-reference.com/players/a/armstda01.html,1997
5,Keith Askins,https://www.basketball-reference.com/players/a/askinke01.html,1997
6,Stacey Augmon,https://www.basketball-reference.com/players/a/augmost01.html,1997
7,Isaac Austin,https://www.basketball-reference.com/players/a/austiis01.html,1997
8,Charles Barkley,https://www.basketball-reference.com/players/b/barklch01.html,1997
9,Brent Barry,https://www.basketball-reference.com/players/b/barrybr01.html,1997
10,Jon Barry,https://www.basketball-reference.com/players/b/barryjo01.html,1997
11,Mookie Blaylock,https://www.basketball-reference.com/players/b/blaylmo01.html,1997
12,Corie Blount,https://www.basketball-reference.com/players/b/blounco01.html,1997
13,Muggsy Bogues,https://www.basketball-reference.com/players/b/boguemu01.html,1997
14,Scott Brooks,https://www.basketball-reference.com/players/b/brooksc01.html,1997
15,Mike Brown,https://www.basketball-reference.com/players/b/brownmi01.html,1997
16,P.J. Brown,https://www.basketball-reference.com/players/b/brownpj01.html,1997
17,Randy Brown,https://www.basketball-reference.com/players/b/brownra02.html,1997
18,Kobe Bryant,https://www.basketball-reference.com/players/b/bryanko01.html,1997
19,Mark Bryant,https://www.basketball-reference.com/players/b/bryanma01.html,1997
20,Jud Buechler,https://www.basketball-reference.com/players/b/buechju01.html,1997
21,Matt Bullard,https://www.basketball-reference.com/players/b/bullama01.html,1997
22,Mitchell Butler,https://www.basketball-reference.com/players/b/butlemi02.html,1997
23,Jason Caffey,https://www.basketball-reference.com/players/c/caffeja01.html,1997
24,Elden Campbell,https://www.basketball-reference.com/players/c/campbel01.html,1997
25,Antoine Carr,https://www.basketball-reference.com/players/c/carran01.html,1997
26,Chris Carr,https://www.basketball-reference.com/players/c/carrch01.html,1997
27,Cedric Ceballos,https://www.basketball-reference.com/players/c/cebalce01.html,1997
28,Rex Chapman,https://www.basketball-reference.com/players/c/chapmre01.html,1997
29,Calbert Cheaney,https://www.basketball-reference.com/players/c/cheanca01.html,1997
30,Chris Childs,https://www.basketball-reference.com/players/c/childch01.html,1997
31,Tyrone Corbin,https://www.basketball-reference.com/players/c/corbity01.html,1997
32,John Crotty,https://www.basketball-reference.com/players/c/crottjo01.html,1997
33,Terry Cummings,https://www.basketball-reference.com/players/c/cummite01.html,1997
34,Dell Curry,https://www.basketball-reference.com/players/c/curryde01.html,1997
35,Michael Curry,https://www.basketball-reference.com/players/c/currymi01.html,1997
36,Terry Dehere,https://www.basketball-reference.com/players/d/deherte01.html,1997
37,Bison Dele,https://www.basketball-reference.com/players/d/delebi01.html,1997
38,Tony Delk,https://www.basketball-reference.com/players/d/delkto01.html,1997
39,Vlade Divac,https://www.basketball-reference.com/players/d/divacvl01.html,1997
40,Clyde Drexler,https://www.basketball-reference.com/players/d/drexlcl01.html,1997
41,Chris Dudley,https://www.basketball-reference.com/players/d/dudlech02.html,1997
42,Joe Dumars,https://www.basketball-reference.com/players/d/dumarjo01.html,1997
43,Howard Eisley,https://www.basketball-reference.com/players/e/eisleho01.html,1997
44,Mario Elie,https://www.basketball-reference.com/players/e/eliema01.html,1997
45,Brian Evans,https://www.basketball-reference.com/players/e/evansbr01.html,1997
46,Patrick Ewing,https://www.basketball-reference.com/players/e/ewingpa01.html,1997
47,Derek Fisher,https://www.basketball-reference.com/players/f/fishede01.html,1997
48,Greg Foster,https://www.basketball-reference.com/players/f/fostegr01.html,1997
49,Kevin Garnett,https://www.basketball-reference.com/players/g/garneke01.html,1997
50,Dean Garrett,https://www.basketball-reference.com/players/g/garrede01.html,1997
51,Matt Geiger,https://www.basketball-reference.com/players/g/geigema01.html,1997
52,Greg Graham,https://www.basketball-reference.com/players/g/grahagr01.html,1997
53,Harvey Grant,https://www.basketball-reference.com/players/g/grantha01.html,1997
54,Tom Gugliotta,https://www.basketball-reference.com/players/g/guglito01.html,1997
55,Darrin Hancock,https://www.basketball-reference.com/players/h/hancoda01.html,1997
56,Anfernee Hardaway,https://www.basketball-reference.com/players/h/hardaan01.html,1997
57,Tim Hardaway,https://www.basketball-reference.com/players/h/hardati01.html,1997
58,Ron Harper,https://www.basketball-reference.com/players/h/harpero01.html,1997
59,Othella Harrington,https://www.basketball-reference.com/players/h/harriot01.html,1997
60,Hersey Hawkins,https://www.basketball-reference.com/players/h/hawkihe01.html,1997
61,Shane Heal,https://www.basketball-reference.com/players/h/healsh01.html,1997
62,Alan Henderson,https://www.basketball-reference.com/players/h/hendeal01.html,1997
63,Grant Hill,https://www.basketball-reference.com/players/h/hillgr01.html,1997
64,Jeff Hornacek,https://www.basketball-reference.com/players/h/hornaje01.html,1997
65,Robert Horry,https://www.basketball-reference.com/players/h/horryro01.html,1997
66,Allan Houston,https://www.basketball-reference.com/players/h/houstal01.html,1997
67,Juwan Howard,https://www.basketball-reference.com/players/h/howarju01.html,1997
68,Stephen Howard,https://www.basketball-reference.com/players/h/howarst01.html,1997
69,Lindsey Hunter,https://www.basketball-reference.com/players/h/hunteli01.html,1997
70,Jaren Jackson,https://www.basketball-reference.com/players/j/jacksja01.html,1997
71,Henry James,https://www.basketball-reference.com/players/j/jameshe01.html,1997
72,Eddie Johnson,https://www.basketball-reference.com/players/j/johnsed03.html,1997
73,Kevin Johnson,https://www.basketball-reference.com/players/j/johnske02.html,1997
74,Larry Johnson,https://www.basketball-reference.com/players/j/johnsla02.html,1997
75,Charles Jones,https://www.basketball-reference.com/players/j/jonesch01.html,1997
76,Eddie Jones,https://www.basketball-reference.com/players/j/jonesed02.html,1997
77,Michael Jordan,https://www.basketball-reference.com/players/j/jordami01.html,1997
78,Adam Keefe,https://www.basketball-reference.com/players/k/keefead01.html,1997
79,Shawn Kemp,https://www.basketball-reference.com/players/k/kempsh01.html,1997
80,Steve Kerr,https://www.basketball-reference.com/players/k/kerrst01.html,1997
81,Jerome Kersey,https://www.basketball-reference.com/players/k/kerseje01.html,1997
82,Jason Kidd,https://www.basketball-reference.com/players/k/kiddja01.html,1997
83,Travis Knight,https://www.basketball-reference.com/players/k/knightr01.html,1997
84,Toni Kukoč,https://www.basketball-reference.com/players/k/kukocto01.html,1997
85,Christian Laettner,https://www.basketball-reference.com/players/l/laettch01.html,1997
86,Priest Lauderdale,https://www.basketball-reference.com/players/l/laudepr01.html,1997
87,Tim Legler,https://www.basketball-reference.com/players/l/legleti01.html,1997
88,Voshon Lenard,https://www.basketball-reference.com/players/l/lenarvo01.html,1997
89,Randy Livingston,https://www.basketball-reference.com/players/l/livinra01.html,1997
90,Grant Long,https://www.basketball-reference.com/players/l/longgr01.html,1997
91,Luc Longley,https://www.basketball-reference.com/players/l/longllu01.html,1997
92,Rick Mahorn,https://www.basketball-reference.com/players/m/mahorri01.html,1997
93,Dan Majerle,https://www.basketball-reference.com/players/m/majerda01.html,1997
94,Karl Malone,https://www.basketball-reference.com/players/m/malonka01.html,1997
95,Matt Maloney,https://www.basketball-reference.com/players/m/malonma01.html,1997
96,Danny Manning,https://www.basketball-reference.com/players/m/mannida01.html,1997
97,Rich Manning,https://www.basketball-reference.com/players/m/manniri01.html,1997
98,Stephon Marbury,https://www.basketball-reference.com/players/m/marbust01.html,1997
99,Darrick Martin,https://www.basketball-reference.com/players/m/martida01.html,1997
100,Jamal Mashburn,https://www.basketball-reference.com/players/m/mashbja01.html,1997
101,Anthony Mason,https://www.basketball-reference.com/players/m/masonan01.html,1997
102,Walter McCarty,https://www.basketball-reference.com/players/m/mccarwa01.html,1997
103,Amal McCaskill,https://www.basketball-reference.com/players/m/mccasam01.html,1997
104,Jim McIlvaine,https://www.basketball-reference.com/players/m/mcilvji01.html,1997
105,Aaron McKie,https://www.basketball-reference.com/players/m/mckieaa01.html,1997
106,Nate McMillan,https://www.basketball-reference.com/players/m/mcmilna01.html,1997
107,Loren Meyer,https://www.basketball-reference.com/players/m/meyerlo01.html,1997
108,Terry Mills,https://www.basketball-reference.com/players/m/millste01.html,1997
109,Sam Mitchell,https://www.basketball-reference.com/players/m/mitchsa01.html,1997
110,Chris Morris,https://www.basketball-reference.com/players/m/morrich01.html,1997
111,Alonzo Mourning,https://www.basketball-reference.com/players/m/mournal01.html,1997
112,Gheorghe Mureșan,https://www.basketball-reference.com/players/m/muresgh01.html,1997
113,Lamond Murray,https://www.basketball-reference.com/players/m/murrala01.html,1997
114,Tracy Murray,https://www.basketball-reference.com/players/m/murratr01.html,1997
115,Dikembe Mutombo,https://www.basketball-reference.com/players/m/mutomdi01.html,1997
116,Steve Nash,https://www.basketball-reference.com/players/n/nashst01.html,1997
117,Ivano Newbill,https://www.basketball-reference.com/players/n/newbiiv01.html,1997
118,Jermaine O'Neal,https://www.basketball-reference.com/players/o/onealje01.html,1997
119,Shaquille O'Neal,https://www.basketball-reference.com/players/o/onealsh01.html,1997
120,Charles Oakley,https://www.basketball-reference.com/players/o/oaklech01.html,1997
121,Hakeem Olajuwon,https://www.basketball-reference.com/players/o/olajuha01.html,1997
122,Greg Ostertag,https://www.basketball-reference.com/players/o/ostergr01.html,1997
123,Bo Outlaw,https://www.basketball-reference.com/players/o/outlabo01.html,1997
124,Robert Parish,https://www.basketball-reference.com/players/p/parisro01.html,1997
125,Cherokee Parks,https://www.basketball-reference.com/players/p/parksch02.html,1997
126,Gary Payton,https://www.basketball-reference.com/players/p/paytoga01.html,1997
127,Sam Perkins,https://www.basketball-reference.com/players/p/perkisa01.html,1997
128,Wesley Person,https://www.basketball-reference.com/players/p/persowe01.html,1997
129,Eric Piatkowski,https://www.basketball-reference.com/players/p/piatker01.html,1997
130,Ricky Pierce,https://www.basketball-reference.com/players/p/piercri01.html,1997
131,Ed Pinckney,https://www.basketball-reference.com/players/p/pincked01.html,1997
132,Scottie Pippen,https://www.basketball-reference.com/players/p/pippesc01.html,1997
133,Terry Porter,https://www.basketball-reference.com/players/p/portete01.html,1997
134,Theo Ratliff,https://www.basketball-reference.com/players/r/ratlith01.html,1997
135,Eldridge Recasner,https://www.basketball-reference.com/players/r/recasel01.html,1997
136,Don Reid,https://www.basketball-reference.com/players/r/reiddo01.html,1997
137,Glen Rice,https://www.basketball-reference.com/players/r/ricegl01.html,1997
138,Pooh Richardson,https://www.basketball-reference.com/players/r/richapo01.html,1997
139,Isaiah Rider,https://www.basketball-reference.com/players/r/rideris01.html,1997
140,Clifford Robinson,https://www.basketball-reference.com/players/r/robincl02.html,1997
141,James Robinson,https://www.basketball-reference.com/players/r/robinja02.html,1997
142,Rumeal Robinson,https://www.basketball-reference.com/players/r/robinru01.html,1997
143,Dennis Rodman,https://www.basketball-reference.com/players/r/rodmade01.html,1997
144,Rodney Rogers,https://www.basketball-reference.com/players/r/rogerro01.html,1997
145,Sean Rooks,https://www.basketball-reference.com/players/r/rooksse01.html,1997
146,Malik Rose,https://www.basketball-reference.com/players/r/rosema01.html,1997
147,Donald Royal,https://www.basketball-reference.com/players/r/royaldo01.html,1997
148,Bryon Russell,https://www.basketball-reference.com/players/r/russebr01.html,1997
149,Arvydas Sabonis,https://www.basketball-reference.com/players/s/sabonar01.html,1997
150,Danny Schayes,https://www.basketball-reference.com/players/s/schayda01.html,1997
151,Detlef Schrempf,https://www.basketball-reference.com/players/s/schrede01.html,1997
152,Byron Scott,https://www.basketball-reference.com/players/s/scottby01.html,1997
153,Dennis Scott,https://www.basketball-reference.com/players/s/scottde01.html,1997
154,Malik Sealy,https://www.basketball-reference.com/players/s/sealyma01.html,1997
155,Rony Seikaly,https://www.basketball-reference.com/players/s/seikaro01.html,1997
156,Brian Shaw,https://www.basketball-reference.com/players/s/shawbr01.html,1997
157,Steve Smith,https://www.basketball-reference.com/players/s/smithst01.html,1997
158,Tony Smith,https://www.basketball-reference.com/players/s/smithto02.html,1997
159,Eric Snow,https://www.basketball-reference.com/players/s/snower01.html,1997
160,John Starks,https://www.basketball-reference.com/players/s/starkjo01.html,1997
161,Larry Stewart,https://www.basketball-reference.com/players/s/stewala01.html,1997
162,John Stockton,https://www.basketball-reference.com/players/s/stockjo01.html,1997
163,Mark Strickland,https://www.basketball-reference.com/players/s/stricma01.html,1997
164,Rod Strickland,https://www.basketball-reference.com/players/s/stricro02.html,1997
165,Derek Strong,https://www.basketball-reference.com/players/s/stronde01.html,1997
166,Otis Thorpe,https://www.basketball-reference.com/players/t/thorpot01.html,1997
167,Sedale Threatt,https://www.basketball-reference.com/players/t/threase01.html,1997
168,Wayman Tisdale,https://www.basketball-reference.com/players/t/tisdawa01.html,1997
169,Gary Trent,https://www.basketball-reference.com/players/t/trentga01.html,1997
170,Nick Van Exel,https://www.basketball-reference.com/players/v/vanexni01.html,1997
171,Loy Vaught,https://www.basketball-reference.com/players/v/vaughlo01.html,1997
172,Stojko Vranković,https://www.basketball-reference.com/players/v/vrankst01.html,1997
173,John Wallace,https://www.basketball-reference.com/players/w/wallajo01.html,1997
174,Rasheed Wallace,https://www.basketball-reference.com/players/w/wallara01.html,1997
175,Charlie Ward,https://www.basketball-reference.com/players/w/wardch01.html,1997
176,Chris Webber,https://www.basketball-reference.com/players/w/webbech01.html,1997
177,Doug West,https://www.basketball-reference.com/players/w/westdo01.html,1997
178,Chris Whitney,https://www.basketball-reference.com/players/w/whitnch01.html,1997
179,Gerald Wilkins,https://www.basketball-reference.com/players/w/wilkige01.html,1997
180,Buck Williams,https://www.basketball-reference.com/players/w/willibu01.html,1997
181,Herb Williams,https://www.basketball-reference.com/players/w/willihe01.html,1997
182,Hot Rod Williams,https://www.basketball-reference.com/players/w/williho01.html,1997
183,Jerome Williams,https://www.basketball-reference.com/players/w/willije01.html,1997
184,Lorenzo Williams,https://www.basketball-reference.com/players/w/willilo01.html,1997
185,Kevin Willis,https://www.basketball-reference.com/players/w/willike02.html,1997
186,David Wingate,https://www.basketball-reference.com/players/w/wingada01.html,1997
187,Dontonio Wingfield,https://www.basketball-reference.com/players/w/wingfdo01.html,1997
188,Lorenzen Wright,https://www.basketball-reference.com/players/w/wrighlo02.html,1997
0,Derek Anderson,https://www.basketball-reference.com/players/a/anderde01.html,1998
1,Greg Anderson,https://www.basketball-reference.com/players/a/andergr01.html,1998
2,Shandon Anderson,https://www.basketball-reference.com/players/a/andersh01.html,1998
3,Greg Anthony,https://www.basketball-reference.com/players/a/anthogr01.html,1998
4,B.J. Armstrong,https://www.basketball-reference.com/players/a/armstbj01.html,1998
5,Keith Askins,https://www.basketball-reference.com/players/a/askinke01.html,1998
6,Stacey Augmon,https://www.basketball-reference.com/players/a/augmost01.html,1998
7,Vin Baker,https://www.basketball-reference.com/players/b/bakervi01.html,1998
8,Charles Barkley,https://www.basketball-reference.com/players/b/barklch01.html,1998
9,Drew Barry,https://www.basketball-reference.com/players/b/barrydr01.html,1998
10,Jon Barry,https://www.basketball-reference.com/players/b/barryjo01.html,1998
11,Corey Beck,https://www.basketball-reference.com/players/b/beckco01.html,1998
12,Mario Bennett,https://www.basketball-reference.com/players/b/bennema01.html,1998
13,Travis Best,https://www.basketball-reference.com/players/b/besttr01.html,1998
14,Mookie Blaylock,https://www.basketball-reference.com/players/b/blaylmo01.html,1998
15,Corie Blount,https://www.basketball-reference.com/players/b/blounco01.html,1998
16,Anthony Bowie,https://www.basketball-reference.com/players/b/bowiean01.html,1998
17,Scott Brooks,https://www.basketball-reference.com/players/b/brooksc01.html,1998
18,Chucky Brown,https://www.basketball-reference.com/players/b/brownch01.html,1998
19,Mike Brown,https://www.basketball-reference.com/players/b/brownmi01.html,1998
20,P.J. Brown,https://www.basketball-reference.com/players/b/brownpj01.html,1998
21,Randy Brown,https://www.basketball-reference.com/players/b/brownra02.html,1998
22,Kobe Bryant,https://www.basketball-reference.com/players/b/bryanko01.html,1998
23,Mark Bryant,https://www.basketball-reference.com/players/b/bryanma01.html,1998
24,Jud Buechler,https://www.basketball-reference.com/players/b/buechju01.html,1998
25,Matt Bullard,https://www.basketball-reference.com/players/b/bullama01.html,1998
26,Scott Burrell,https://www.basketball-reference.com/players/b/burresc01.html,1998
27,Elden Campbell,https://www.basketball-reference.com/players/c/campbel01.html,1998
28,Antoine Carr,https://www.basketball-reference.com/players/c/carran01.html,1998
29,Sam Cassell,https://www.basketball-reference.com/players/c/cassesa01.html,1998
30,Kelvin Cato,https://www.basketball-reference.com/players/c/catoke01.html,1998
31,Duane Causwell,https://www.basketball-reference.com/players/c/causwdu01.html,1998
32,Rex Chapman,https://www.basketball-reference.com/players/c/chapmre01.html,1998
33,Chris Childs,https://www.basketball-reference.com/players/c/childch01.html,1998
34,Marty Conlon,https://www.basketball-reference.com/players/c/conloma01.html,1998
35,Tyrone Corbin,https://www.basketball-reference.com/players/c/corbity01.html,1998
36,Chris Crawford,https://www.basketball-reference.com/players/c/crawfch01.html,1998
37,Terry Cummings,https://www.basketball-reference.com/players/c/cummite01.html,1998
38,Bill Curley,https://www.basketball-reference.com/players/c/curlebi01.html,1998
39,Dell Curry,https://www.basketball-reference.com/players/c/curryde01.html,1998
40,Antonio Davis,https://www.basketball-reference.com/players/d/davisan01.html,1998
41,Dale Davis,https://www.basketball-reference.com/players/d/davisda01.html,1998
42,Vinny Del Negro,https://www.basketball-reference.com/players/d/delnevi01.html,1998
43,Vlade Divac,https://www.basketball-reference.com/players/d/divacvl01.html,1998
44,Sherman Douglas,https://www.basketball-reference.com/players/d/douglsh01.html,1998
45,Clyde Drexler,https://www.basketball-reference.com/players/d/drexlcl01.html,1998
46,Chris Dudley,https://www.basketball-reference.com/players/d/dudlech02.html,1998
47,Tim Duncan,https://www.basketball-reference.com/players/d/duncati01.html,1998
48,Howard Eisley,https://www.basketball-reference.com/players/e/eisleho01.html,1998
49,Mario Elie,https://www.basketball-reference.com/players/e/eliema01.html,1998
50,Dale Ellis,https://www.basketball-reference.com/players/e/ellisda01.html,1998
51,Brian Evans,https://www.basketball-reference.com/players/e/evansbr01.html,1998
52,Patrick Ewing,https://www.basketball-reference.com/players/e/ewingpa01.html,1998
53,Danny Ferry,https://www.basketball-reference.com/players/f/ferryda01.html,1998
54,Derek Fisher,https://www.basketball-reference.com/players/f/fishede01.html,1998
55,Greg Foster,https://www.basketball-reference.com/players/f/fostegr01.html,1998
56,Rick Fox,https://www.basketball-reference.com/players/f/foxri01.html,1998
57,Kevin Garnett,https://www.basketball-reference.com/players/g/garneke01.html,1998
58,Chris Gatling,https://www.basketball-reference.com/players/g/gatlich01.html,1998
59,Reggie Geary,https://www.basketball-reference.com/players/g/gearyre01.html,1998
60,Matt Geiger,https://www.basketball-reference.com/players/g/geigema01.html,1998
61,Kendall Gill,https://www.basketball-reference.com/players/g/gillke01.html,1998
62,Brian Grant,https://www.basketball-reference.com/players/g/grantbr01.html,1998
63,Gary Grant,https://www.basketball-reference.com/players/g/grantga01.html,1998
64,Tom Hammonds,https://www.basketball-reference.com/players/h/hammoto01.html,1998
65,Tim Hardaway,https://www.basketball-reference.com/players/h/hardati01.html,1998
66,Ron Harper,https://www.basketball-reference.com/players/h/harpero01.html,1998
67,Othella Harrington,https://www.basketball-reference.com/players/h/harriot01.html,1998
68,Lucious Harris,https://www.basketball-reference.com/players/h/harrilu01.html,1998
69,Hersey Hawkins,https://www.basketball-reference.com/players/h/hawkihe01.html,1998
70,Alan Henderson,https://www.basketball-reference.com/players/h/hendeal01.html,1998
71,Cedric Henderson,https://www.basketball-reference.com/players/h/hendece02.html,1998
72,Carl Herrera,https://www.basketball-reference.com/players/h/herreca01.html,1998
73,Fred Hoiberg,https://www.basketball-reference.com/players/h/hoibefr01.html,1998
74,Jeff Hornacek,https://www.basketball-reference.com/players/h/hornaje01.html,1998
75,Robert Horry,https://www.basketball-reference.com/players/h/horryro01.html,1998
76,Allan Houston,https://www.basketball-reference.com/players/h/houstal01.html,1998
77,Zydrunas Ilgauskas,https://www.basketball-reference.com/players/i/ilgauzy01.html,1998
78,Jaren Jackson,https://www.basketball-reference.com/players/j/jacksja01.html,1998
79,Mark Jackson,https://www.basketball-reference.com/players/j/jacksma01.html,1998
80,Avery Johnson,https://www.basketball-reference.com/players/j/johnsav01.html,1998
81,Eddie Johnson,https://www.basketball-reference.com/players/j/johnsed03.html,1998
82,Kevin Johnson,https://www.basketball-reference.com/players/j/johnske02.html,1998
83,Larry Johnson,https://www.basketball-reference.com/players/j/johnsla02.html,1998
84,Charles Jones,https://www.basketball-reference.com/players/j/jonesch01.html,1998
85,Eddie Jones,https://www.basketball-reference.com/players/j/jonesed02.html,1998
86,Michael Jordan,https://www.basketball-reference.com/players/j/jordami01.html,1998
87,Reggie Jordan,https://www.basketball-reference.com/players/j/jordare01.html,1998
88,Adam Keefe,https://www.basketball-reference.com/players/k/keefead01.html,1998
89,Shawn Kemp,https://www.basketball-reference.com/players/k/kempsh01.html,1998
90,Steve Kerr,https://www.basketball-reference.com/players/k/kerrst01.html,1998
91,Jerome Kersey,https://www.basketball-reference.com/players/k/kerseje01.html,1998
92,Jason Kidd,https://www.basketball-reference.com/players/k/kiddja01.html,1998
93,Kerry Kittles,https://www.basketball-reference.com/players/k/kittlke01.html,1998
94,Brevin Knight,https://www.basketball-reference.com/players/k/knighbr01.html,1998
95,Toni Kukoč,https://www.basketball-reference.com/players/k/kukocto01.html,1998
96,Christian Laettner,https://www.basketball-reference.com/players/l/laettch01.html,1998
97,Voshon Lenard,https://www.basketball-reference.com/players/l/lenarvo01.html,1998
98,Alton Lister,https://www.basketball-reference.com/players/l/listeal01.html,1998
99,Brad Lohaus,https://www.basketball-reference.com/players/l/lohaubr01.html,1998
100,Luc Longley,https://www.basketball-reference.com/players/l/longllu01.html,1998
101,Dan Majerle,https://www.basketball-reference.com/players/m/majerda01.html,1998
102,Karl Malone,https://www.basketball-reference.com/players/m/malonka01.html,1998
103,Matt Maloney,https://www.basketball-reference.com/players/m/malonma01.html,1998
104,Stephon Marbury,https://www.basketball-reference.com/players/m/marbust01.html,1998
105,Jamal Mashburn,https://www.basketball-reference.com/players/m/mashbja01.html,1998
106,Anthony Mason,https://www.basketball-reference.com/players/m/masonan01.html,1998
107,George McCloud,https://www.basketball-reference.com/players/m/mccloge01.html,1998
108,Antonio McDyess,https://www.basketball-reference.com/players/m/mcdyean01.html,1998
109,Jim McIlvaine,https://www.basketball-reference.com/players/m/mcilvji01.html,1998
110,Derrick McKey,https://www.basketball-reference.com/players/m/mckeyde01.html,1998
111,Nate McMillan,https://www.basketball-reference.com/players/m/mcmilna01.html,1998
112,Marko Milič,https://www.basketball-reference.com/players/m/milicma01.html,1998
113,Anthony Miller,https://www.basketball-reference.com/players/m/millean01.html,1998
114,Reggie Miller,https://www.basketball-reference.com/players/m/millere01.html,1998
115,Chris Mills,https://www.basketball-reference.com/players/m/millsch01.html,1998
116,Terry Mills,https://www.basketball-reference.com/players/m/millste01.html,1998
117,Sam Mitchell,https://www.basketball-reference.com/players/m/mitchsa01.html,1998
118,Chris Morris,https://www.basketball-reference.com/players/m/morrich01.html,1998
119,Alonzo Mourning,https://www.basketball-reference.com/players/m/mournal01.html,1998
120,Chris Mullin,https://www.basketball-reference.com/players/m/mullich01.html,1998
121,Eric Murdock,https://www.basketball-reference.com/players/m/murdoer01.html,1998
122,Dikembe Mutombo,https://www.basketball-reference.com/players/m/mutomdi01.html,1998
123,Steve Nash,https://www.basketball-reference.com/players/n/nashst01.html,1998
124,Jermaine O'Neal,https://www.basketball-reference.com/players/o/onealje01.html,1998
125,Shaquille O'Neal,https://www.basketball-reference.com/players/o/onealsh01.html,1998
126,Charles Oakley,https://www.basketball-reference.com/players/o/oaklech01.html,1998
127,Hakeem Olajuwon,https://www.basketball-reference.com/players/o/olajuha01.html,1998
128,Greg Ostertag,https://www.basketball-reference.com/players/o/ostergr01.html,1998
129,Cherokee Parks,https://www.basketball-reference.com/players/p/parksch02.html,1998
130,Gary Payton,https://www.basketball-reference.com/players/p/paytoga01.html,1998
131,Anthony Peeler,https://www.basketball-reference.com/players/p/peelean01.html,1998
132,Will Perdue,https://www.basketball-reference.com/players/p/perduwi01.html,1998
133,Sam Perkins,https://www.basketball-reference.com/players/p/perkisa01.html,1998
134,Chuck Person,https://www.basketball-reference.com/players/p/persoch01.html,1998
135,Wesley Person,https://www.basketball-reference.com/players/p/persowe01.html,1998
136,Bobby Phills,https://www.basketball-reference.com/players/p/phillbo01.html,1998
137,Scottie Pippen,https://www.basketball-reference.com/players/p/pippesc01.html,1998
138,Mark Pope,https://www.basketball-reference.com/players/p/popema01.html,1998
139,Terry Porter,https://www.basketball-reference.com/players/p/portete01.html,1998
140,Vitaly Potapenko,https://www.basketball-reference.com/players/p/potapvi01.html,1998
141,Brent Price,https://www.basketball-reference.com/players/p/pricebr01.html,1998
142,Eldridge Recasner,https://www.basketball-reference.com/players/r/recasel01.html,1998
143,J.R. Reid,https://www.basketball-reference.com/players/r/reidjr01.html,1998
144,Rodrick Rhodes,https://www.basketball-reference.com/players/r/rhodero01.html,1998
145,Glen Rice,https://www.basketball-reference.com/players/r/ricegl01.html,1998
146,Isaiah Rider,https://www.basketball-reference.com/players/r/rideris01.html,1998
147,Stanley Roberts,https://www.basketball-reference.com/players/r/roberst01.html,1998
148,Clifford Robinson,https://www.basketball-reference.com/players/r/robincl02.html,1998
149,David Robinson,https://www.basketball-reference.com/players/r/robinda01.html,1998
150,Dennis Rodman,https://www.basketball-reference.com/players/r/rodmade01.html,1998
151,Sean Rooks,https://www.basketball-reference.com/players/r/rooksse01.html,1998
152,Jalen Rose,https://www.basketball-reference.com/players/r/roseja01.html,1998
153,Malik Rose,https://www.basketball-reference.com/players/r/rosema01.html,1998
154,Donald Royal,https://www.basketball-reference.com/players/r/royaldo01.html,1998
155,Bryon Russell,https://www.basketball-reference.com/players/r/russebr01.html,1998
156,Arvydas Sabonis,https://www.basketball-reference.com/players/s/sabonar01.html,1998
157,Detlef Schrempf,https://www.basketball-reference.com/players/s/schrede01.html,1998
158,Dennis Scott,https://www.basketball-reference.com/players/s/scottde01.html,1998
159,Shawnelle Scott,https://www.basketball-reference.com/players/s/scottsh01.html,1998
160,Rony Seikaly,https://www.basketball-reference.com/players/s/seikaro01.html,1998
161,Dickey Simpkins,https://www.basketball-reference.com/players/s/simpkdi01.html,1998
162,Steve Smith,https://www.basketball-reference.com/players/s/smithst01.html,1998
163,Rik Smits,https://www.basketball-reference.com/players/s/smitsri01.html,1998
164,John Starks,https://www.basketball-reference.com/players/s/starkjo01.html,1998
165,John Stockton,https://www.basketball-reference.com/players/s/stockjo01.html,1998
166,Damon Stoudamire,https://www.basketball-reference.com/players/s/stoudda01.html,1998
167,Mark Strickland,https://www.basketball-reference.com/players/s/stricma01.html,1998
168,Bob Sura,https://www.basketball-reference.com/players/s/surabo01.html,1998
169,Carl Thomas,https://www.basketball-reference.com/players/t/thomaca01.html,1998
170,Nick Van Exel,https://www.basketball-reference.com/players/v/vanexni01.html,1998
171,Keith Van Horn,https://www.basketball-reference.com/players/v/vanhoke01.html,1998
172,David Vaughn,https://www.basketball-reference.com/players/v/vaughda02.html,1998
173,Jacque Vaughn,https://www.basketball-reference.com/players/v/vaughja01.html,1998
174,Rasheed Wallace,https://www.basketball-reference.com/players/w/wallara01.html,1998
175,Charlie Ward,https://www.basketball-reference.com/players/w/wardch01.html,1998
176,Bill Wennington,https://www.basketball-reference.com/players/w/wennibi01.html,1998
177,David Wesley,https://www.basketball-reference.com/players/w/wesleda01.html,1998
178,Mark West,https://www.basketball-reference.com/players/w/westma01.html,1998
179,DeJuan Wheat,https://www.basketball-reference.com/players/w/wheatde01.html,1998
180,Aaron Williams,https://www.basketball-reference.com/players/w/williaa01.html,1998
181,Buck Williams,https://www.basketball-reference.com/players/w/willibu01.html,1998
182,Hot Rod Williams,https://www.basketball-reference.com/players/w/williho01.html,1998
183,Jayson Williams,https://www.basketball-reference.com/players/w/willija01.html,1998
184,Micheal Williams,https://www.basketball-reference.com/players/w/willimi02.html,1998
185,Monty Williams,https://www.basketball-reference.com/players/w/willimo01.html,1998
186,Travis Williams,https://www.basketball-reference.com/players/w/willitr01.html,1998
187,Walt Williams,https://www.basketball-reference.com/players/w/williwa02.html,1998
188,Kevin Willis,https://www.basketball-reference.com/players/w/willike02.html,1998
189,David Wingate,https://www.basketball-reference.com/players/w/wingada01.html,1998
0,Tariq Abdul-Wahad,https://www.basketball-reference.com/players/a/abdulta01.html,1999
1,Ray Allen,https://www.basketball-reference.com/players/a/allenra02.html,1999
2,Nick Anderson,https://www.basketball-reference.com/players/a/anderni01.html,1999
3,Shandon Anderson,https://www.basketball-reference.com/players/a/andersh01.html,1999
4,Greg Anthony,https://www.basketball-reference.com/players/a/anthogr01.html,1999
5,B.J. Armstrong,https://www.basketball-reference.com/players/a/armstbj01.html,1999
6,Darrell Armstrong,https://www.basketball-reference.com/players/a/armstda01.html,1999
7,Keith Askins,https://www.basketball-reference.com/players/a/askinke01.html,1999
8,Stacey Augmon,https://www.basketball-reference.com/players/a/augmost01.html,1999
9,Isaac Austin,https://www.basketball-reference.com/players/a/austiis01.html,1999
10,Thurl Bailey,https://www.basketball-reference.com/players/b/baileth01.html,1999
11,Charles Barkley,https://www.basketball-reference.com/players/b/barklch01.html,1999
12,Jon Barry,https://www.basketball-reference.com/players/b/barryjo01.html,1999
13,Travis Best,https://www.basketball-reference.com/players/b/besttr01.html,1999
14,Mookie Blaylock,https://www.basketball-reference.com/players/b/blaylmo01.html,1999
15,Terrell Brandon,https://www.basketball-reference.com/players/b/brandte01.html,1999
16,Gerald Brown,https://www.basketball-reference.com/players/b/brownge02.html,1999
17,P.J. Brown,https://www.basketball-reference.com/players/b/brownpj01.html,1999
18,Rick Brunson,https://www.basketball-reference.com/players/b/brunsri01.html,1999
19,Kobe Bryant,https://www.basketball-reference.com/players/b/bryanko01.html,1999
20,Jud Buechler,https://www.basketball-reference.com/players/b/buechju01.html,1999
21,Matt Bullard,https://www.basketball-reference.com/players/b/bullama01.html,1999
22,Marcus Camby,https://www.basketball-reference.com/players/c/cambyma01.html,1999
23,Antoine Carr,https://www.basketball-reference.com/players/c/carran01.html,1999
24,Sam Cassell,https://www.basketball-reference.com/players/c/cassesa01.html,1999
25,Kelvin Cato,https://www.basketball-reference.com/players/c/catoke01.html,1999
26,Duane Causwell,https://www.basketball-reference.com/players/c/causwdu01.html,1999
27,Rex Chapman,https://www.basketball-reference.com/players/c/chapmre01.html,1999
28,Chris Childs,https://www.basketball-reference.com/players/c/childch01.html,1999
29,Tyrone Corbin,https://www.basketball-reference.com/players/c/corbity01.html,1999
30,Chris Crawford,https://www.basketball-reference.com/players/c/crawfch01.html,1999
31,Austin Croshere,https://www.basketball-reference.com/players/c/croshau01.html,1999
32,Dell Curry,https://www.basketball-reference.com/players/c/curryde01.html,1999
33,Michael Curry,https://www.basketball-reference.com/players/c/currymi01.html,1999
34,Antonio Daniels,https://www.basketball-reference.com/players/d/daniean01.html,1999
35,Antonio Davis,https://www.basketball-reference.com/players/d/davisan01.html,1999
36,Dale Davis,https://www.basketball-reference.com/players/d/davisda01.html,1999
37,Bison Dele,https://www.basketball-reference.com/players/d/delebi01.html,1999
38,Michael Dickerson,https://www.basketball-reference.com/players/d/dickemi01.html,1999
39,Vlade Divac,https://www.basketball-reference.com/players/d/divacvl01.html,1999
40,Michael Doleac,https://www.basketball-reference.com/players/d/doleami01.html,1999
41,Bryce Drew,https://www.basketball-reference.com/players/d/drewbr01.html,1999
42,Chris Dudley,https://www.basketball-reference.com/players/d/dudlech02.html,1999
43,Joe Dumars,https://www.basketball-reference.com/players/d/dumarjo01.html,1999
44,Tim Duncan,https://www.basketball-reference.com/players/d/duncati01.html,1999
45,Howard Eisley,https://www.basketball-reference.com/players/e/eisleho01.html,1999
46,Mario Elie,https://www.basketball-reference.com/players/e/eliema01.html,1999
47,Sean Elliott,https://www.basketball-reference.com/players/e/elliose01.html,1999
48,Patrick Ewing,https://www.basketball-reference.com/players/e/ewingpa01.html,1999
49,Derek Fisher,https://www.basketball-reference.com/players/f/fishede01.html,1999
50,Greg Foster,https://www.basketball-reference.com/players/f/fostegr01.html,1999
51,Rick Fox,https://www.basketball-reference.com/players/f/foxri01.html,1999
52,Todd Fuller,https://www.basketball-reference.com/players/f/fulleto02.html,1999
53,Lawrence Funderburke,https://www.basketball-reference.com/players/f/fundela01.html,1999
54,Kevin Garnett,https://www.basketball-reference.com/players/g/garneke01.html,1999
55,Dean Garrett,https://www.basketball-reference.com/players/g/garrede01.html,1999
56,Pat Garrity,https://www.basketball-reference.com/players/g/garripa01.html,1999
57,Chris Gatling,https://www.basketball-reference.com/players/g/gatlich01.html,1999
58,Matt Geiger,https://www.basketball-reference.com/players/g/geigema01.html,1999
59,Armen Gilliam,https://www.basketball-reference.com/players/g/gilliar01.html,1999
60,Brian Grant,https://www.basketball-reference.com/players/g/grantbr01.html,1999
61,Harvey Grant,https://www.basketball-reference.com/players/g/grantha01.html,1999
62,Horace Grant,https://www.basketball-reference.com/players/g/grantho01.html,1999
63,Ed Gray,https://www.basketball-reference.com/players/g/grayed01.html,1999
64,Tom Gugliotta,https://www.basketball-reference.com/players/g/guglito01.html,1999
65,Tom Hammonds,https://www.basketball-reference.com/players/h/hammoto01.html,1999
66,Anfernee Hardaway,https://www.basketball-reference.com/players/h/hardaan01.html,1999
67,Tim Hardaway,https://www.basketball-reference.com/players/h/hardati01.html,1999
68,Derek Harper,https://www.basketball-reference.com/players/h/harpede01.html,1999
69,Matt Harpring,https://www.basketball-reference.com/players/h/harprma01.html,1999
70,Othella Harrington,https://www.basketball-reference.com/players/h/harriot01.html,1999
71,Michael Hawkins,https://www.basketball-reference.com/players/h/hawkimi01.html,1999
72,Alan Henderson,https://www.basketball-reference.com/players/h/hendeal01.html,1999
73,Grant Hill,https://www.basketball-reference.com/players/h/hillgr01.html,1999
74,Tyrone Hill,https://www.basketball-reference.com/players/h/hillty01.html,1999
75,Fred Hoiberg,https://www.basketball-reference.com/players/h/hoibefr01.html,1999
76,Jerald Honeycutt,https://www.basketball-reference.com/players/h/honeyje01.html,1999
77,Jeff Hornacek,https://www.basketball-reference.com/players/h/hornaje01.html,1999
78,Robert Horry,https://www.basketball-reference.com/players/h/horryro01.html,1999
79,Allan Houston,https://www.basketball-reference.com/players/h/houstal01.html,1999
80,Larry Hughes,https://www.basketball-reference.com/players/h/hughela01.html,1999
81,Lindsey Hunter,https://www.basketball-reference.com/players/h/hunteli01.html,1999
82,Allen Iverson,https://www.basketball-reference.com/players/i/iversal01.html,1999
83,Bobby Jackson,https://www.basketball-reference.com/players/j/jacksbo01.html,1999
84,Jaren Jackson,https://www.basketball-reference.com/players/j/jacksja01.html,1999
85,Jim Jackson,https://www.basketball-reference.com/players/j/jacksji01.html,1999
86,Mark Jackson,https://www.basketball-reference.com/players/j/jacksma01.html,1999
87,Jerome James,https://www.basketball-reference.com/players/j/jamesje01.html,1999
88,Anthony Johnson,https://www.basketball-reference.com/players/j/johnsan02.html,1999
89,Avery Johnson,https://www.basketball-reference.com/players/j/johnsav01.html,1999
90,Ervin Johnson,https://www.basketball-reference.com/players/j/johnser02.html,1999
91,Larry Johnson,https://www.basketball-reference.com/players/j/johnsla02.html,1999
92,Adam Keefe,https://www.basketball-reference.com/players/k/keefead01.html,1999
93,Steve Kerr,https://www.basketball-reference.com/players/k/kerrst01.html,1999
94,Jerome Kersey,https://www.basketball-reference.com/players/k/kerseje01.html,1999
95,Jason Kidd,https://www.basketball-reference.com/players/k/kiddja01.html,1999
96,Gerard King,https://www.basketball-reference.com/players/k/kingge02.html,1999
97,Joe Kleine,https://www.basketball-reference.com/players/k/kleinjo01.html,1999
98,Travis Knight,https://www.basketball-reference.com/players/k/knightr01.html,1999
99,Christian Laettner,https://www.basketball-reference.com/players/l/laettch01.html,1999
100,Voshon Lenard,https://www.basketball-reference.com/players/l/lenarvo01.html,1999
101,Randy Livingston,https://www.basketball-reference.com/players/l/livinra01.html,1999
102,Grant Long,https://www.basketball-reference.com/players/l/longgr01.html,1999
103,Luc Longley,https://www.basketball-reference.com/players/l/longllu01.html,1999
104,Tyronn Lue,https://www.basketball-reference.com/players/l/luety01.html,1999
105,George Lynch,https://www.basketball-reference.com/players/l/lynchge01.html,1999
106,Sam Mack,https://www.basketball-reference.com/players/m/macksa01.html,1999
107,Rick Mahorn,https://www.basketball-reference.com/players/m/mahorri01.html,1999
108,Dan Majerle,https://www.basketball-reference.com/players/m/majerda01.html,1999
109,Karl Malone,https://www.basketball-reference.com/players/m/malonka01.html,1999
110,Danny Manning,https://www.basketball-reference.com/players/m/mannida01.html,1999
111,Jamal Mashburn,https://www.basketball-reference.com/players/m/mashbja01.html,1999
112,Vernon Maxwell,https://www.basketball-reference.com/players/m/maxweve01.html,1999
113,George McCloud,https://www.basketball-reference.com/players/m/mccloge01.html,1999
114,Derrick McKey,https://www.basketball-reference.com/players/m/mckeyde01.html,1999
115,Aaron McKie,https://www.basketball-reference.com/players/m/mckieaa01.html,1999
116,Roshown McLeod,https://www.basketball-reference.com/players/m/mcleoro01.html,1999
117,Reggie Miller,https://www.basketball-reference.com/players/m/millere01.html,1999
118,Sam Mitchell,https://www.basketball-reference.com/players/m/mitchsa01.html,1999
119,Cuttino Mobley,https://www.basketball-reference.com/players/m/moblecu01.html,1999
120,Nazr Mohammed,https://www.basketball-reference.com/players/m/mohamna01.html,1999
121,Eric Montross,https://www.basketball-reference.com/players/m/montrer01.html,1999
122,Chris Morris,https://www.basketball-reference.com/players/m/morrich01.html,1999
123,Alonzo Mourning,https://www.basketball-reference.com/players/m/mournal01.html,1999
124,Chris Mullin,https://www.basketball-reference.com/players/m/mullich01.html,1999
125,Dikembe Mutombo,https://www.basketball-reference.com/players/m/mutomdi01.html,1999
126,Rasho Nesterović,https://www.basketball-reference.com/players/n/nestera01.html,1999
127,Charles O'Bannon,https://www.basketball-reference.com/players/o/obannch01.html,1999
128,Jermaine O'Neal,https://www.basketball-reference.com/players/o/onealje01.html,1999
129,Shaquille O'Neal,https://www.basketball-reference.com/players/o/onealsh01.html,1999
130,Hakeem Olajuwon,https://www.basketball-reference.com/players/o/olajuha01.html,1999
131,Greg Ostertag,https://www.basketball-reference.com/players/o/ostergr01.html,1999
132,Bo Outlaw,https://www.basketball-reference.com/players/o/outlabo01.html,1999
133,Andrae Patterson,https://www.basketball-reference.com/players/p/pattean01.html,1999
134,Ruben Patterson,https://www.basketball-reference.com/players/p/patteru01.html,1999
135,Anthony Peeler,https://www.basketball-reference.com/players/p/peelean01.html,1999
136,Will Perdue,https://www.basketball-reference.com/players/p/perduwi01.html,1999
137,Sam Perkins,https://www.basketball-reference.com/players/p/perkisa01.html,1999
138,Scottie Pippen,https://www.basketball-reference.com/players/p/pippesc01.html,1999
139,Scot Pollard,https://www.basketball-reference.com/players/p/pollasc01.html,1999
140,Terry Porter,https://www.basketball-reference.com/players/p/portete01.html,1999
141,Brent Price,https://www.basketball-reference.com/players/p/pricebr01.html,1999
142,Theo Ratliff,https://www.basketball-reference.com/players/r/ratlith01.html,1999
143,Don Reid,https://www.basketball-reference.com/players/r/reiddo01.html,1999
144,J.R. Reid,https://www.basketball-reference.com/players/r/reidjr01.html,1999
145,Glen Rice,https://www.basketball-reference.com/players/r/ricegl01.html,1999
146,Isaiah Rider,https://www.basketball-reference.com/players/r/rideris01.html,1999
147,Stanley Roberts,https://www.basketball-reference.com/players/r/roberst01.html,1999
148,Clifford Robinson,https://www.basketball-reference.com/players/r/robincl02.html,1999
149,David Robinson,https://www.basketball-reference.com/players/r/robinda01.html,1999
150,Glenn Robinson,https://www.basketball-reference.com/players/r/robingl01.html,1999
151,James Robinson,https://www.basketball-reference.com/players/r/robinja02.html,1999
152,Sean Rooks,https://www.basketball-reference.com/players/r/rooksse01.html,1999
153,Jalen Rose,https://www.basketball-reference.com/players/r/roseja01.html,1999
154,Malik Rose,https://www.basketball-reference.com/players/r/rosema01.html,1999
155,Bryon Russell,https://www.basketball-reference.com/players/r/russebr01.html,1999
156,Arvydas Sabonis,https://www.basketball-reference.com/players/s/sabonar01.html,1999
157,Danny Schayes,https://www.basketball-reference.com/players/s/schayda01.html,1999
158,Malik Sealy,https://www.basketball-reference.com/players/s/sealyma01.html,1999
159,Jeff Sheppard,https://www.basketball-reference.com/players/s/sheppje01.html,1999
160,Joe Smith,https://www.basketball-reference.com/players/s/smithjo02.html,1999
161,Steve Smith,https://www.basketball-reference.com/players/s/smithst01.html,1999
162,Rik Smits,https://www.basketball-reference.com/players/s/smitsri01.html,1999
163,Eric Snow,https://www.basketball-reference.com/players/s/snower01.html,1999
164,Latrell Sprewell,https://www.basketball-reference.com/players/s/sprewla01.html,1999
165,Jerry Stackhouse,https://www.basketball-reference.com/players/s/stackje01.html,1999
166,John Stockton,https://www.basketball-reference.com/players/s/stockjo01.html,1999
167,Peja Stojaković,https://www.basketball-reference.com/players/s/stojape01.html,1999
168,Damon Stoudamire,https://www.basketball-reference.com/players/s/stoudda01.html,1999
169,Mark Strickland,https://www.basketball-reference.com/players/s/stricma01.html,1999
170,Derek Strong,https://www.basketball-reference.com/players/s/stronde01.html,1999
171,Kurt Thomas,https://www.basketball-reference.com/players/t/thomaku01.html,1999
172,Tim Thomas,https://www.basketball-reference.com/players/t/thomati01.html,1999
173,Robert Traylor,https://www.basketball-reference.com/players/t/traylro01.html,1999
174,Jacque Vaughn,https://www.basketball-reference.com/players/v/vaughja01.html,1999
175,Loy Vaught,https://www.basketball-reference.com/players/v/vaughlo01.html,1999
176,Rasheed Wallace,https://www.basketball-reference.com/players/w/wallara01.html,1999
177,Rex Walters,https://www.basketball-reference.com/players/w/waltere01.html,1999
178,Charlie Ward,https://www.basketball-reference.com/players/w/wardch01.html,1999
179,Clarence Weatherspoon,https://www.basketball-reference.com/players/w/weathcl01.html,1999
180,Chris Webber,https://www.basketball-reference.com/players/w/webbech01.html,1999
181,Mark West,https://www.basketball-reference.com/players/w/westma01.html,1999
182,Dominique Wilkins,https://www.basketball-reference.com/players/w/wilkido01.html,1999
183,Herb Williams,https://www.basketball-reference.com/players/w/willihe01.html,1999
184,Jason Williams,https://www.basketball-reference.com/players/w/willija02.html,1999
185,Jerome Williams,https://www.basketball-reference.com/players/w/willije01.html,1999
186,Walt Williams,https://www.basketball-reference.com/players/w/williwa02.html,1999
187,Corliss Williamson,https://www.basketball-reference.com/players/w/willico02.html,1999
188,Haywoode Workman,https://www.basketball-reference.com/players/w/workmha01.html,1999
0,Ray Allen,https://www.basketball-reference.com/players/a/allenra02.html,2000
1,Rafer Alston,https://www.basketball-reference.com/players/a/alstora01.html,2000
2,Nick Anderson,https://www.basketball-reference.com/players/a/anderni01.html,2000
3,Greg Anthony,https://www.basketball-reference.com/players/a/anthogr01.html,2000
4,Stacey Augmon,https://www.basketball-reference.com/players/a/augmost01.html,2000
5,Toby Bailey,https://www.basketball-reference.com/players/b/baileto01.html,2000
6,Vin Baker,https://www.basketball-reference.com/players/b/bakervi01.html,2000
7,Brent Barry,https://www.basketball-reference.com/players/b/barrybr01.html,2000
8,Jon Barry,https://www.basketball-reference.com/players/b/barryjo01.html,2000
9,Jonathan Bender,https://www.basketball-reference.com/players/b/bendejo01.html,2000
10,Travis Best,https://www.basketball-reference.com/players/b/besttr01.html,2000
11,Corie Blount,https://www.basketball-reference.com/players/b/blounco01.html,2000
12,Muggsy Bogues,https://www.basketball-reference.com/players/b/boguemu01.html,2000
13,Lazaro Borrell,https://www.basketball-reference.com/players/b/borrela01.html,2000
14,Bruce Bowen,https://www.basketball-reference.com/players/b/bowenbr01.html,2000
15,Ira Bowman,https://www.basketball-reference.com/players/b/bowmair01.html,2000
16,Terrell Brandon,https://www.basketball-reference.com/players/b/brandte01.html,2000
17,Dee Brown,https://www.basketball-reference.com/players/b/brownde01.html,2000
18,P.J. Brown,https://www.basketball-reference.com/players/b/brownpj01.html,2000
19,Rick Brunson,https://www.basketball-reference.com/players/b/brunsri01.html,2000
20,Kobe Bryant,https://www.basketball-reference.com/players/b/bryanko01.html,2000
21,Jud Buechler,https://www.basketball-reference.com/players/b/buechju01.html,2000
22,Rodney Buford,https://www.basketball-reference.com/players/b/buforro01.html,2000
23,Marcus Camby,https://www.basketball-reference.com/players/c/cambyma01.html,2000
24,Elden Campbell,https://www.basketball-reference.com/players/c/campbel01.html,2000
25,Anthony Carter,https://www.basketball-reference.com/players/c/cartean01.html,2000
26,Vince Carter,https://www.basketball-reference.com/players/c/cartevi01.html,2000
27,Sam Cassell,https://www.basketball-reference.com/players/c/cassesa01.html,2000
28,Chris Childs,https://www.basketball-reference.com/players/c/childch01.html,2000
29,Doug Christie,https://www.basketball-reference.com/players/c/chrisdo01.html,2000
30,Derrick Coleman,https://www.basketball-reference.com/players/c/colemde01.html,2000
31,Tyrone Corbin,https://www.basketball-reference.com/players/c/corbity01.html,2000
32,Austin Croshere,https://www.basketball-reference.com/players/c/croshau01.html,2000
33,John Crotty,https://www.basketball-reference.com/players/c/crottjo01.html,2000
34,Dell Curry,https://www.basketball-reference.com/players/c/curryde01.html,2000
35,Michael Curry,https://www.basketball-reference.com/players/c/currymi01.html,2000
36,Antonio Daniels,https://www.basketball-reference.com/players/d/daniean01.html,2000
37,Antonio Davis,https://www.basketball-reference.com/players/d/davisan01.html,2000
38,Baron Davis,https://www.basketball-reference.com/players/d/davisba01.html,2000
39,Dale Davis,https://www.basketball-reference.com/players/d/davisda01.html,2000
40,Todd Day,https://www.basketball-reference.com/players/d/dayto01.html,2000
41,Vinny Del Negro,https://www.basketball-reference.com/players/d/delnevi01.html,2000
42,Tony Delk,https://www.basketball-reference.com/players/d/delkto01.html,2000
43,Derrick Dial,https://www.basketball-reference.com/players/d/dialde01.html,2000
44,Vlade Divac,https://www.basketball-reference.com/players/d/divacvl01.html,2000
45,Chris Dudley,https://www.basketball-reference.com/players/d/dudlech02.html,2000
46,Howard Eisley,https://www.basketball-reference.com/players/e/eisleho01.html,2000
47,Mario Elie,https://www.basketball-reference.com/players/e/eliema01.html,2000
48,Sean Elliott,https://www.basketball-reference.com/players/e/elliose01.html,2000
49,Patrick Ewing,https://www.basketball-reference.com/players/e/ewingpa01.html,2000
50,Derek Fisher,https://www.basketball-reference.com/players/f/fishede01.html,2000
51,Greg Foster,https://www.basketball-reference.com/players/f/fostegr01.html,2000
52,Rick Fox,https://www.basketball-reference.com/players/f/foxri01.html,2000
53,Lawrence Funderburke,https://www.basketball-reference.com/players/f/fundela01.html,2000
54,Kevin Garnett,https://www.basketball-reference.com/players/g/garneke01.html,2000
55,Dean Garrett,https://www.basketball-reference.com/players/g/garrede01.html,2000
56,Matt Geiger,https://www.basketball-reference.com/players/g/geigema01.html,2000
57,Devean George,https://www.basketball-reference.com/players/g/georgde01.html,2000
58,Armen Gilliam,https://www.basketball-reference.com/players/g/gilliar01.html,2000
59,Brian Grant,https://www.basketball-reference.com/players/g/grantbr01.html,2000
60,Gary Grant,https://www.basketball-reference.com/players/g/grantga01.html,2000
61,Horace Grant,https://www.basketball-reference.com/players/g/grantho01.html,2000
62,A.C. Green,https://www.basketball-reference.com/players/g/greenac01.html,2000
63,Darvin Ham,https://www.basketball-reference.com/players/h/hamda01.html,2000
64,Tom Hammonds,https://www.basketball-reference.com/players/h/hammoto01.html,2000
65,Anfernee Hardaway,https://www.basketball-reference.com/players/h/hardaan01.html,2000
66,Tim Hardaway,https://www.basketball-reference.com/players/h/hardati01.html,2000
67,Ron Harper,https://www.basketball-reference.com/players/h/harpero01.html,2000
68,Grant Hill,https://www.basketball-reference.com/players/h/hillgr01.html,2000
69,Tyrone Hill,https://www.basketball-reference.com/players/h/hillty01.html,2000
70,Jeff Hornacek,https://www.basketball-reference.com/players/h/hornaje01.html,2000
71,Robert Horry,https://www.basketball-reference.com/players/h/horryro01.html,2000
72,Allan Houston,https://www.basketball-reference.com/players/h/houstal01.html,2000
73,Lindsey Hunter,https://www.basketball-reference.com/players/h/hunteli01.html,2000
74,Allen Iverson,https://www.basketball-reference.com/players/i/iversal01.html,2000
75,Bobby Jackson,https://www.basketball-reference.com/players/j/jacksbo01.html,2000
76,Jaren Jackson,https://www.basketball-reference.com/players/j/jacksja01.html,2000
77,Mark Jackson,https://www.basketball-reference.com/players/j/jacksma01.html,2000
78,Avery Johnson,https://www.basketball-reference.com/players/j/johnsav01.html,2000
79,Ervin Johnson,https://www.basketball-reference.com/players/j/johnser02.html,2000
80,Kevin Johnson,https://www.basketball-reference.com/players/j/johnske02.html,2000
81,Larry Johnson,https://www.basketball-reference.com/players/j/johnsla02.html,2000
82,Eddie Jones,https://www.basketball-reference.com/players/j/jonesed02.html,2000
83,Jumaine Jones,https://www.basketball-reference.com/players/j/jonesju01.html,2000
84,Jerome Kersey,https://www.basketball-reference.com/players/k/kerseje01.html,2000
85,Jason Kidd,https://www.basketball-reference.com/players/k/kiddja01.html,2000
86,Travis Knight,https://www.basketball-reference.com/players/k/knightr01.html,2000
87,Toni Kukoč,https://www.basketball-reference.com/players/k/kukocto01.html,2000
88,Christian Laettner,https://www.basketball-reference.com/players/l/laettch01.html,2000
89,Quincy Lewis,https://www.basketball-reference.com/players/l/lewisqu01.html,2000
90,Rashard Lewis,https://www.basketball-reference.com/players/l/lewisra02.html,2000
91,Randy Livingston,https://www.basketball-reference.com/players/l/livinra01.html,2000
92,Luc Longley,https://www.basketball-reference.com/players/l/longllu01.html,2000
93,George Lynch,https://www.basketball-reference.com/players/l/lynchge01.html,2000
94,Todd MacCulloch,https://www.basketball-reference.com/players/m/maccuto01.html,2000
95,Dan Majerle,https://www.basketball-reference.com/players/m/majerda01.html,2000
96,Karl Malone,https://www.basketball-reference.com/players/m/malonka01.html,2000
97,Danny Manning,https://www.basketball-reference.com/players/m/mannida01.html,2000
98,Shawn Marion,https://www.basketball-reference.com/players/m/mariosh01.html,2000
99,Darrick Martin,https://www.basketball-reference.com/players/m/martida01.html,2000
100,Jamal Mashburn,https://www.basketball-reference.com/players/m/mashbja01.html,2000
101,Anthony Mason,https://www.basketball-reference.com/players/m/masonan01.html,2000
102,Jelani McCoy,https://www.basketball-reference.com/players/m/mccoyje01.html,2000
103,Tracy McGrady,https://www.basketball-reference.com/players/m/mcgratr01.html,2000
104,Derrick McKey,https://www.basketball-reference.com/players/m/mckeyde01.html,2000
105,Aaron McKie,https://www.basketball-reference.com/players/m/mckieaa01.html,2000
106,Brad Miller,https://www.basketball-reference.com/players/m/millebr01.html,2000
107,Oliver Miller,https://www.basketball-reference.com/players/m/milleol01.html,2000
108,Reggie Miller,https://www.basketball-reference.com/players/m/millere01.html,2000
109,Terry Mills,https://www.basketball-reference.com/players/m/millste01.html,2000
110,Sam Mitchell,https://www.basketball-reference.com/players/m/mitchsa01.html,2000
111,Eric Montross,https://www.basketball-reference.com/players/m/montrer01.html,2000
112,Mikki Moore,https://www.basketball-reference.com/players/m/mooremi01.html,2000
113,Alonzo Mourning,https://www.basketball-reference.com/players/m/mournal01.html,2000
114,Chris Mullin,https://www.basketball-reference.com/players/m/mullich01.html,2000
115,Rasho Nesterović,https://www.basketball-reference.com/players/n/nestera01.html,2000
116,Jermaine O'Neal,https://www.basketball-reference.com/players/o/onealje01.html,2000
117,Shaquille O'Neal,https://www.basketball-reference.com/players/o/onealsh01.html,2000
118,Charles Oakley,https://www.basketball-reference.com/players/o/oaklech01.html,2000
119,Kevin Ollie,https://www.basketball-reference.com/players/o/ollieke01.html,2000
120,Greg Ostertag,https://www.basketball-reference.com/players/o/ostergr01.html,2000
121,Scott Padgett,https://www.basketball-reference.com/players/p/padgesc01.html,2000
122,Ruben Patterson,https://www.basketball-reference.com/players/p/patteru01.html,2000
123,Gary Payton,https://www.basketball-reference.com/players/p/paytoga01.html,2000
124,Anthony Peeler,https://www.basketball-reference.com/players/p/peelean01.html,2000
125,Sam Perkins,https://www.basketball-reference.com/players/p/perkisa01.html,2000
126,Chuck Person,https://www.basketball-reference.com/players/p/persoch01.html,2000
127,Scottie Pippen,https://www.basketball-reference.com/players/p/pippesc01.html,2000
128,Scot Pollard,https://www.basketball-reference.com/players/p/pollasc01.html,2000
129,Olden Polynice,https://www.basketball-reference.com/players/p/polynol01.html,2000
130,Terry Porter,https://www.basketball-reference.com/players/p/portete01.html,2000
131,Theo Ratliff,https://www.basketball-reference.com/players/r/ratlith01.html,2000
132,Glen Rice,https://www.basketball-reference.com/players/r/ricegl01.html,2000
133,Clifford Robinson,https://www.basketball-reference.com/players/r/robincl02.html,2000
134,David Robinson,https://www.basketball-reference.com/players/r/robinda01.html,2000
135,Eddie Robinson,https://www.basketball-reference.com/players/r/robined01.html,2000
136,Glenn Robinson,https://www.basketball-reference.com/players/r/robingl01.html,2000
137,Rodney Rogers,https://www.basketball-reference.com/players/r/rogerro01.html,2000
138,Jalen Rose,https://www.basketball-reference.com/players/r/roseja01.html,2000
139,Malik Rose,https://www.basketball-reference.com/players/r/rosema01.html,2000
140,Bryon Russell,https://www.basketball-reference.com/players/r/russebr01.html,2000
141,Arvydas Sabonis,https://www.basketball-reference.com/players/s/sabonar01.html,2000
142,John Salley,https://www.basketball-reference.com/players/s/sallejo01.html,2000
143,Detlef Schrempf,https://www.basketball-reference.com/players/s/schrede01.html,2000
144,Malik Sealy,https://www.basketball-reference.com/players/s/sealyma01.html,2000
145,Brian Shaw,https://www.basketball-reference.com/players/s/shawbr01.html,2000
146,Joe Smith,https://www.basketball-reference.com/players/s/smithjo02.html,2000
147,Steve Smith,https://www.basketball-reference.com/players/s/smithst01.html,2000
148,Rik Smits,https://www.basketball-reference.com/players/s/smitsri01.html,2000
149,Eric Snow,https://www.basketball-reference.com/players/s/snower01.html,2000
150,Latrell Sprewell,https://www.basketball-reference.com/players/s/sprewla01.html,2000
151,Jerry Stackhouse,https://www.basketball-reference.com/players/s/stackje01.html,2000
152,John Stockton,https://www.basketball-reference.com/players/s/stockjo01.html,2000
153,Peja Stojaković,https://www.basketball-reference.com/players/s/stojape01.html,2000
154,Damon Stoudamire,https://www.basketball-reference.com/players/s/stoudda01.html,2000
155,Mark Strickland,https://www.basketball-reference.com/players/s/stricma01.html,2000
156,Wally Szczerbiak,https://www.basketball-reference.com/players/s/szczewa02.html,2000
157,Žan Tabak,https://www.basketball-reference.com/players/t/tabakza01.html,2000
158,John Thomas,https://www.basketball-reference.com/players/t/thomajo02.html,2000
159,Kurt Thomas,https://www.basketball-reference.com/players/t/thomaku01.html,2000
160,Tim Thomas,https://www.basketball-reference.com/players/t/thomati01.html,2000
161,Otis Thorpe,https://www.basketball-reference.com/players/t/thorpot01.html,2000
162,Robert Traylor,https://www.basketball-reference.com/players/t/traylro01.html,2000
163,Mirsad Türkcan,https://www.basketball-reference.com/players/t/turkcmi01.html,2000
164,Jacque Vaughn,https://www.basketball-reference.com/players/v/vaughja01.html,2000
165,Loy Vaught,https://www.basketball-reference.com/players/v/vaughlo01.html,2000
166,Samaki Walker,https://www.basketball-reference.com/players/w/walkesa01.html,2000
167,John Wallace,https://www.basketball-reference.com/players/w/wallajo01.html,2000
168,Rasheed Wallace,https://www.basketball-reference.com/players/w/wallara01.html,2000
169,Charlie Ward,https://www.basketball-reference.com/players/w/wardch01.html,2000
170,Clarence Weatherspoon,https://www.basketball-reference.com/players/w/weathcl01.html,2000
171,Chris Webber,https://www.basketball-reference.com/players/w/webbech01.html,2000
172,Bonzi Wells,https://www.basketball-reference.com/players/w/wellsbo01.html,2000
173,David Wesley,https://www.basketball-reference.com/players/w/wesleda01.html,2000
174,Alvin Williams,https://www.basketball-reference.com/players/w/willial02.html,2000
175,Jason Williams,https://www.basketball-reference.com/players/w/willija02.html,2000
176,Jerome Williams,https://www.basketball-reference.com/players/w/willije01.html,2000
177,Scott Williams,https://www.basketball-reference.com/players/w/willisc01.html,2000
178,Shammond Williams,https://www.basketball-reference.com/players/w/willish01.html,2000
179,Corliss Williamson,https://www.basketball-reference.com/players/w/willico02.html,2000
180,Kevin Willis,https://www.basketball-reference.com/players/w/willike02.html,2000
